distribution,pga_g,comparable_scale
local_P695_scaled_analysis_all_sets,0.5127456,scaled analysis input PGA
local_P695_scaled_analysis_all_sets,0.12022849999999999,scaled analysis input PGA
local_P695_scaled_analysis_all_sets,0.25032915,scaled analysis input PGA
local_P695_scaled_analysis_all_sets,0.8895897,scaled analysis input PGA
local_P695_scaled_analysis_all_sets,0.141397235,scaled analysis input PGA
local_P695_scaled_analysis_all_sets,0.181989,scaled analysis input PGA
local_P695_scaled_analysis_all_sets,0.06793938000000001,scaled analysis input PGA
local_P695_scaled_analysis_all_sets,0.1252566,scaled analysis input PGA
local_P695_scaled_analysis_all_sets,0.89948745,scaled analysis input PGA
local_P695_scaled_analysis_all_sets,0.5483724,scaled analysis input PGA
local_P695_scaled_analysis_all_sets,0.7317422499999999,scaled analysis input PGA
local_P695_scaled_analysis_all_sets,0.51255125,scaled analysis input PGA
local_P695_scaled_analysis_all_sets,0.33128535,scaled analysis input PGA
local_P695_scaled_analysis_all_sets,0.171755,scaled analysis input PGA
local_P695_scaled_analysis_all_sets,0.5583689,scaled analysis input PGA
local_P695_scaled_analysis_all_sets,0.43947555000000005,scaled analysis input PGA
local_P695_scaled_analysis_all_sets,0.2591897,scaled analysis input PGA
local_P695_scaled_analysis_all_sets,0.6246285,scaled analysis input PGA
local_P695_scaled_analysis_all_sets,0.5269935,scaled analysis input PGA
local_P695_scaled_analysis_all_sets,0.5783495,scaled analysis input PGA
local_P695_scaled_analysis_all_sets,0.39836145,scaled analysis input PGA
local_P695_scaled_analysis_all_sets,0.19425839999999997,scaled analysis input PGA
local_P695_scaled_analysis_all_sets,0.10054980000000001,scaled analysis input PGA
local_P695_scaled_analysis_all_sets,0.8462324999999999,scaled analysis input PGA
local_P695_scaled_analysis_all_sets,0.14825643,scaled analysis input PGA
local_P695_scaled_analysis_all_sets,0.6306944999999999,scaled analysis input PGA
local_P695_scaled_analysis_all_sets,1.0602999,scaled analysis input PGA
local_P695_scaled_analysis_all_sets,0.42462112500000004,scaled analysis input PGA
local_P695_scaled_analysis_all_sets,0.264895,scaled analysis input PGA
local_P695_scaled_analysis_all_sets,0.1097705,scaled analysis input PGA
local_P695_scaled_analysis_all_sets,0.3132501,scaled analysis input PGA
local_P695_scaled_analysis_all_sets,0.44727237500000006,scaled analysis input PGA
local_P695_scaled_analysis_all_sets,0.27806407499999997,scaled analysis input PGA
local_P695_scaled_analysis_all_sets,0.473115525,scaled analysis input PGA
local_P695_scaled_analysis_all_sets,0.951445875,scaled analysis input PGA
local_P695_scaled_analysis_all_sets,0.1273923,scaled analysis input PGA
local_P695_scaled_analysis_all_sets,0.3534333,scaled analysis input PGA
local_P695_scaled_analysis_all_sets,0.18941,scaled analysis input PGA
local_P695_scaled_analysis_all_sets,0.35442465,scaled analysis input PGA
local_P695_scaled_analysis_all_sets,0.8233905000000001,scaled analysis input PGA
local_P695_scaled_analysis_all_sets,0.24740331,scaled analysis input PGA
local_P695_scaled_analysis_all_sets,0.41626799999999997,scaled analysis input PGA
local_P695_scaled_analysis_all_sets,0.44368125,scaled analysis input PGA
local_P695_scaled_analysis_all_sets,0.474352,scaled analysis input PGA
local_P695_scaled_analysis_all_sets,0.13278715,scaled analysis input PGA
local_P695_scaled_analysis_all_sets,0.07683934999999999,scaled analysis input PGA
local_P695_scaled_analysis_all_sets,0.482002,scaled analysis input PGA
local_P695_scaled_analysis_all_sets,0.351329,scaled analysis input PGA
local_P695_scaled_analysis_all_sets,0.237176,scaled analysis input PGA
local_P695_scaled_analysis_all_sets,0.2965299,scaled analysis input PGA
local_P695_scaled_analysis_all_sets,0.14649194,scaled analysis input PGA
local_P695_scaled_analysis_all_sets,0.10254912000000001,scaled analysis input PGA
local_P695_scaled_analysis_all_sets,0.95182725,scaled analysis input PGA
local_P695_scaled_analysis_all_sets,0.146683145,scaled analysis input PGA
local_P695_scaled_analysis_all_sets,0.415783,scaled analysis input PGA
local_P695_scaled_analysis_all_sets,0.075764,scaled analysis input PGA
local_P695_scaled_analysis_all_sets,1.027233125,scaled analysis input PGA
local_P695_scaled_analysis_all_sets,0.4242375,scaled analysis input PGA
local_P695_scaled_analysis_all_sets,0.06265002,scaled analysis input PGA
local_P695_scaled_analysis_all_sets,0.592230975,scaled analysis input PGA
local_P695_scaled_analysis_all_sets,0.1273923,scaled analysis input PGA
local_P695_scaled_analysis_all_sets,0.44479485,scaled analysis input PGA
local_P695_scaled_analysis_all_sets,0.7250904,scaled analysis input PGA
local_P695_scaled_analysis_all_sets,0.06095172333333329,scaled analysis input PGA
local_P695_scaled_analysis_all_sets,0.5009991,scaled analysis input PGA
local_P695_scaled_analysis_all_sets,0.5127456,scaled analysis input PGA
local_P695_scaled_analysis_all_sets,1.0735695,scaled analysis input PGA
local_P695_scaled_analysis_all_sets,0.35576399999999997,scaled analysis input PGA
local_P695_scaled_analysis_all_sets,0.053116,scaled analysis input PGA
local_P695_scaled_analysis_all_sets,0.5661375,scaled analysis input PGA
local_P695_scaled_analysis_all_sets,0.181989,scaled analysis input PGA
local_P695_scaled_analysis_all_sets,0.473115525,scaled analysis input PGA
local_P695_scaled_analysis_all_sets,0.16602319999999998,scaled analysis input PGA
local_P695_scaled_analysis_all_sets,0.1756645,scaled analysis input PGA
local_P695_scaled_analysis_all_sets,0.211916,scaled analysis input PGA
local_P695_scaled_analysis_all_sets,0.5950733,scaled analysis input PGA
local_P695_scaled_analysis_all_sets,0.391965,scaled analysis input PGA
local_P695_scaled_analysis_all_sets,0.1562141,scaled analysis input PGA
local_P695_scaled_analysis_all_sets,0.31534724999999997,scaled analysis input PGA
local_P695_scaled_analysis_all_sets,0.31231425,scaled analysis input PGA
local_P695_scaled_analysis_all_sets,0.7685150000000001,scaled analysis input PGA
local_P695_scaled_analysis_all_sets,0.410041,scaled analysis input PGA
local_P695_scaled_analysis_all_sets,1.23267975,scaled analysis input PGA
local_P695_scaled_analysis_all_sets,0.788525875,scaled analysis input PGA
local_P695_scaled_analysis_all_sets,0.29719875,scaled analysis input PGA
local_P695_scaled_analysis_all_sets,0.16465575,scaled analysis input PGA
local_P695_scaled_analysis_all_sets,0.4185484,scaled analysis input PGA
local_P695_scaled_analysis_all_sets,0.041975200000000004,scaled analysis input PGA
local_P695_scaled_analysis_all_sets,0.1643573,scaled analysis input PGA
local_P695_scaled_analysis_all_sets,0.118893915,scaled analysis input PGA
local_P695_scaled_analysis_all_sets,0.2779333,scaled analysis input PGA
local_P695_scaled_analysis_all_sets,0.52976265,scaled analysis input PGA
local_P695_scaled_analysis_all_sets,0.6278226,scaled analysis input PGA
local_P695_scaled_analysis_all_sets,0.030305600000000002,scaled analysis input PGA
local_P695_scaled_analysis_all_sets,0.43889875,scaled analysis input PGA
local_P695_scaled_analysis_all_sets,0.604242,scaled analysis input PGA
local_P695_scaled_analysis_all_sets,0.2513745,scaled analysis input PGA
local_P695_scaled_analysis_all_sets,0.3047586166666664,scaled analysis input PGA
local_P695_scaled_analysis_all_sets,0.3637905,scaled analysis input PGA
local_P695_scaled_analysis_all_sets,0.5127456,scaled analysis input PGA
local_P695_scaled_analysis_all_sets,1.06717375,scaled analysis input PGA
local_P695_scaled_analysis_all_sets,0.6479742500000001,scaled analysis input PGA
local_P695_scaled_analysis_all_sets,0.7115279999999999,scaled analysis input PGA
local_P695_scaled_analysis_all_sets,0.15662505,scaled analysis input PGA
local_P695_scaled_analysis_all_sets,1.156699,scaled analysis input PGA
local_P695_scaled_analysis_all_sets,0.443293,scaled analysis input PGA
local_P695_scaled_analysis_all_sets,0.11861196000000002,scaled analysis input PGA
local_P695_scaled_analysis_all_sets,0.7317422499999999,scaled analysis input PGA
local_P695_scaled_analysis_all_sets,0.0900893,scaled analysis input PGA
local_P695_scaled_analysis_all_sets,0.26620875,scaled analysis input PGA
local_P695_scaled_analysis_all_sets,1.4458737499999998,scaled analysis input PGA
local_P695_scaled_analysis_all_sets,0.89948745,scaled analysis input PGA
local_P695_scaled_analysis_all_sets,0.44110875,scaled analysis input PGA
local_P695_scaled_analysis_all_sets,0.1024038,scaled analysis input PGA
local_P695_scaled_analysis_all_sets,0.26558,scaled analysis input PGA
local_P695_scaled_analysis_all_sets,0.254772675,scaled analysis input PGA
local_P695_scaled_analysis_all_sets,0.171755,scaled analysis input PGA
local_P695_scaled_analysis_all_sets,0.922218,scaled analysis input PGA
local_P695_scaled_analysis_all_sets,0.853739,scaled analysis input PGA
local_P695_scaled_analysis_all_sets,0.951445875,scaled analysis input PGA
local_P695_scaled_analysis_all_sets,0.178938,scaled analysis input PGA
local_P695_scaled_analysis_all_sets,0.1024038,scaled analysis input PGA
local_P695_scaled_analysis_all_sets,0.1756645,scaled analysis input PGA
local_P695_scaled_analysis_all_sets,0.74132475,scaled analysis input PGA
local_P695_scaled_analysis_all_sets,0.4417138,scaled analysis input PGA
local_P695_scaled_analysis_all_sets,0.7685150000000001,scaled analysis input PGA
local_P695_scaled_analysis_all_sets,0.297176925,scaled analysis input PGA
local_P695_scaled_analysis_all_sets,0.6332328,scaled analysis input PGA
local_P695_scaled_analysis_all_sets,0.515265,scaled analysis input PGA
local_P695_scaled_analysis_all_sets,0.95182725,scaled analysis input PGA
local_P695_scaled_analysis_all_sets,0.0715752,scaled analysis input PGA
local_P695_scaled_analysis_all_sets,0.592230975,scaled analysis input PGA
local_P695_scaled_analysis_all_sets,0.8375533499999999,scaled analysis input PGA
local_P695_scaled_analysis_all_sets,0.443293,scaled analysis input PGA
local_P695_scaled_analysis_all_sets,0.4268695,scaled analysis input PGA
local_P695_scaled_analysis_all_sets,0.08381894000000001,scaled analysis input PGA
local_P695_scaled_analysis_all_sets,0.17347224999999944,scaled analysis input PGA
local_P695_scaled_analysis_all_sets,0.604242,scaled analysis input PGA
local_P695_scaled_analysis_all_sets,0.822429,scaled analysis input PGA
local_P695_scaled_analysis_all_sets,0.43904535,scaled analysis input PGA
local_P695_scaled_analysis_all_sets,0.0757915,scaled analysis input PGA
local_P695_scaled_analysis_all_sets,0.5579075,scaled analysis input PGA
local_P695_scaled_analysis_all_sets,0.10925572,scaled analysis input PGA
local_P695_scaled_analysis_all_sets,0.25032915,scaled analysis input PGA
local_P695_scaled_analysis_all_sets,0.390199,scaled analysis input PGA
local_P695_scaled_analysis_all_sets,0.17396116,scaled analysis input PGA
local_P695_scaled_analysis_all_sets,0.254772675,scaled analysis input PGA
local_P695_scaled_analysis_all_sets,0.4268695,scaled analysis input PGA
local_P695_scaled_analysis_all_sets,0.22485,scaled analysis input PGA
local_P695_scaled_analysis_all_sets,0.32950725,scaled analysis input PGA
local_P695_scaled_analysis_all_sets,0.28762527499999996,scaled analysis input PGA
local_P695_scaled_analysis_all_sets,0.08568105,scaled analysis input PGA
local_P695_scaled_analysis_all_sets,0.7685150000000001,scaled analysis input PGA
local_P695_scaled_analysis_all_sets,0.5006583,scaled analysis input PGA
local_P695_scaled_analysis_all_sets,1.02803625,scaled analysis input PGA
local_P695_scaled_analysis_all_sets,0.446304975,scaled analysis input PGA
local_P695_scaled_analysis_all_sets,0.3531751,scaled analysis input PGA
local_P695_scaled_analysis_all_sets,0.22485,scaled analysis input PGA
local_P695_scaled_analysis_all_sets,0.5459670000000001,scaled analysis input PGA
local_P695_scaled_analysis_all_sets,0.14623264,scaled analysis input PGA
local_P695_scaled_analysis_all_sets,0.51659475,scaled analysis input PGA
local_P695_scaled_analysis_all_sets,0.08315660000000001,scaled analysis input PGA
local_P695_scaled_analysis_all_sets,0.61682175,scaled analysis input PGA
local_P695_scaled_analysis_all_sets,0.16870069999999998,scaled analysis input PGA
local_P695_scaled_analysis_all_sets,0.7775691,scaled analysis input PGA
local_P695_scaled_analysis_all_sets,0.27442625,scaled analysis input PGA
local_P695_scaled_analysis_all_sets,0.38057835,scaled analysis input PGA
local_P695_scaled_analysis_all_sets,0.08381894000000001,scaled analysis input PGA
local_P695_scaled_analysis_all_sets,0.27442625,scaled analysis input PGA
local_P695_scaled_analysis_all_sets,0.536814,scaled analysis input PGA
local_P695_scaled_analysis_all_sets,0.10367588000000001,scaled analysis input PGA
local_P695_scaled_analysis_all_sets,0.23493757499999998,scaled analysis input PGA
local_P695_scaled_analysis_all_sets,0.3121592,scaled analysis input PGA
local_P695_scaled_analysis_all_sets,0.0765926,scaled analysis input PGA
local_P695_scaled_analysis_all_sets,0.31769235,scaled analysis input PGA
local_P695_scaled_analysis_all_sets,0.64557125,scaled analysis input PGA
local_P695_scaled_analysis_all_sets,0.14649194,scaled analysis input PGA
local_P695_scaled_analysis_all_sets,0.3132501,scaled analysis input PGA
local_P695_scaled_analysis_all_sets,0.5127456,scaled analysis input PGA
local_P695_scaled_analysis_all_sets,0.55411625,scaled analysis input PGA
local_P695_scaled_analysis_all_sets,0.1097705,scaled analysis input PGA
local_P695_scaled_analysis_all_sets,0.351119,scaled analysis input PGA
local_P695_scaled_analysis_all_sets,0.24722257,scaled analysis input PGA
local_P695_scaled_analysis_all_sets,0.8233905000000001,scaled analysis input PGA
local_P695_scaled_analysis_all_sets,0.4417138,scaled analysis input PGA
local_P695_scaled_analysis_all_sets,0.06243184000000001,scaled analysis input PGA
local_P695_scaled_analysis_all_sets,0.46823880000000007,scaled analysis input PGA
local_P695_scaled_analysis_all_sets,0.5494542,scaled analysis input PGA
local_P695_scaled_analysis_all_sets,0.25465335,scaled analysis input PGA
local_P695_scaled_analysis_all_sets,0.52557875,scaled analysis input PGA
local_P695_scaled_analysis_all_sets,0.33128535,scaled analysis input PGA
local_P695_scaled_analysis_all_sets,1.2336435,scaled analysis input PGA
local_P695_scaled_analysis_all_sets,0.788525875,scaled analysis input PGA
local_P695_scaled_analysis_all_sets,0.42462112500000004,scaled analysis input PGA
local_P695_scaled_analysis_all_sets,0.502749,scaled analysis input PGA
local_P695_scaled_analysis_all_sets,0.26333925,scaled analysis input PGA
local_P695_scaled_analysis_all_sets,0.450438,scaled analysis input PGA
local_P695_scaled_analysis_all_sets,0.8829377500000001,scaled analysis input PGA
local_P695_scaled_analysis_all_sets,0.23411940000000003,scaled analysis input PGA
local_P695_scaled_analysis_all_sets,0.44479485,scaled analysis input PGA
local_P695_scaled_analysis_all_sets,0.35535724999999996,scaled analysis input PGA
local_P695_scaled_analysis_all_sets,0.509338,scaled analysis input PGA
local_P695_scaled_analysis_all_sets,0.386097,scaled analysis input PGA
local_P695_scaled_analysis_all_sets,0.08395065,scaled analysis input PGA
local_P695_scaled_analysis_all_sets,0.15459983,scaled analysis input PGA
local_P695_scaled_analysis_all_sets,0.4833936,scaled analysis input PGA
local_P695_scaled_analysis_all_sets,0.20954735,scaled analysis input PGA
local_P695_scaled_analysis_all_sets,0.11786914999999999,scaled analysis input PGA
local_P695_scaled_analysis_all_sets,0.44727237500000006,scaled analysis input PGA
local_P695_scaled_analysis_all_sets,0.38542,scaled analysis input PGA
local_P695_scaled_analysis_all_sets,0.366966,scaled analysis input PGA
local_P695_scaled_analysis_all_sets,0.42502890000000004,scaled analysis input PGA
local_P695_scaled_analysis_all_sets,0.7250904,scaled analysis input PGA
local_P695_scaled_analysis_all_sets,0.0628666,scaled analysis input PGA
local_P695_scaled_analysis_all_sets,0.363978,scaled analysis input PGA
local_P695_scaled_analysis_all_sets,0.3166164,scaled analysis input PGA
local_P695_scaled_analysis_all_sets,0.5197287500000001,scaled analysis input PGA
local_P695_scaled_analysis_all_sets,0.3121592,scaled analysis input PGA
local_P695_scaled_analysis_all_sets,0.314321025,scaled analysis input PGA
local_P695_scaled_analysis_all_sets,0.375365,scaled analysis input PGA
local_P695_scaled_analysis_all_sets,1.18446195,scaled analysis input PGA
local_P695_scaled_analysis_all_sets,0.446304975,scaled analysis input PGA
local_P695_scaled_analysis_all_sets,0.11682027,scaled analysis input PGA
local_P695_scaled_analysis_all_sets,0.209880405,scaled analysis input PGA
local_P695_scaled_analysis_all_sets,0.029980000000000003,scaled analysis input PGA
local_P695_scaled_analysis_all_sets,0.33196787499999997,scaled analysis input PGA
local_P695_scaled_analysis_all_sets,0.1029124,scaled analysis input PGA
local_P695_scaled_analysis_all_sets,0.20757093,scaled analysis input PGA
local_P695_scaled_analysis_all_sets,0.39016,scaled analysis input PGA
local_P695_scaled_analysis_all_sets,0.14137332,scaled analysis input PGA
local_P695_scaled_analysis_all_sets,0.7326056,scaled analysis input PGA
local_P695_scaled_analysis_all_sets,0.52262,scaled analysis input PGA
local_P695_scaled_analysis_all_sets,0.14574664999999998,scaled analysis input PGA
local_P695_scaled_analysis_all_sets,0.6278226,scaled analysis input PGA
local_P695_scaled_analysis_all_sets,0.7541235,scaled analysis input PGA
local_P695_scaled_analysis_all_sets,0.1284381,scaled analysis input PGA
local_P695_scaled_analysis_all_sets,0.7680285,scaled analysis input PGA
local_P695_scaled_analysis_all_sets,0.89260995,scaled analysis input PGA
local_P695_scaled_analysis_all_sets,0.5269935,scaled analysis input PGA
local_P695_scaled_analysis_all_sets,0.987051625,scaled analysis input PGA
local_P695_scaled_analysis_all_sets,0.5579075,scaled analysis input PGA
local_P695_scaled_analysis_all_sets,0.104524,scaled analysis input PGA
local_P695_scaled_analysis_all_sets,0.366966,scaled analysis input PGA
local_P695_scaled_analysis_all_sets,0.2196715,scaled analysis input PGA
local_P695_scaled_analysis_all_sets,1.5863787500000002,scaled analysis input PGA
local_P695_scaled_analysis_all_sets,0.1252566,scaled analysis input PGA
local_P695_scaled_analysis_all_sets,0.516457,scaled analysis input PGA
local_P695_scaled_analysis_all_sets,0.15792826000000001,scaled analysis input PGA
local_P695_scaled_analysis_all_sets,1.7892825,scaled analysis input PGA
local_P695_scaled_analysis_all_sets,0.5049901250000001,scaled analysis input PGA
local_P695_scaled_analysis_all_sets,0.49529487499999997,scaled analysis input PGA
local_P695_scaled_analysis_all_sets,0.27298350000000005,scaled analysis input PGA
local_P695_scaled_analysis_all_sets,0.07098900000000001,scaled analysis input PGA
local_P695_scaled_analysis_all_sets,0.5266785,scaled analysis input PGA
local_P695_scaled_analysis_all_sets,0.08370968000000001,scaled analysis input PGA
local_P695_scaled_analysis_all_sets,0.30443202999999996,scaled analysis input PGA
local_P695_scaled_analysis_all_sets,0.3578179,scaled analysis input PGA
local_P695_scaled_analysis_all_sets,0.52976265,scaled analysis input PGA
local_P695_scaled_analysis_all_sets,0.20954735,scaled analysis input PGA
local_P695_scaled_analysis_all_sets,0.0765926,scaled analysis input PGA
local_P695_scaled_analysis_all_sets,0.449743725,scaled analysis input PGA
local_P695_scaled_analysis_all_sets,0.0878686,scaled analysis input PGA
local_P695_scaled_analysis_all_sets,0.4623938,scaled analysis input PGA
local_P695_scaled_analysis_all_sets,0.354945,scaled analysis input PGA
local_P695_scaled_analysis_all_sets,0.10254912000000001,scaled analysis input PGA
local_P695_scaled_analysis_all_sets,0.39016,scaled analysis input PGA
local_P695_scaled_analysis_all_sets,0.5439786,scaled analysis input PGA
local_P695_scaled_analysis_all_sets,0.5456857500000001,scaled analysis input PGA
local_P695_scaled_analysis_all_sets,1.2806085,scaled analysis input PGA
local_P695_scaled_analysis_all_sets,0.15740700000000002,scaled analysis input PGA
local_P695_scaled_analysis_all_sets,0.25032915,scaled analysis input PGA
local_P695_scaled_analysis_all_sets,0.5009991,scaled analysis input PGA
local_P695_scaled_analysis_all_sets,0.06662638,scaled analysis input PGA
local_P695_scaled_analysis_all_sets,0.08471796000000001,scaled analysis input PGA
local_P695_scaled_analysis_all_sets,0.4571379249999996,scaled analysis input PGA
local_P695_scaled_analysis_all_sets,0.14574664999999998,scaled analysis input PGA
local_P695_scaled_analysis_all_sets,0.151583,scaled analysis input PGA
local_P695_scaled_analysis_all_sets,0.6479742500000001,scaled analysis input PGA
local_P695_scaled_analysis_all_sets,0.2208569,scaled analysis input PGA
local_P695_scaled_analysis_all_sets,0.2842858,scaled analysis input PGA
local_P695_scaled_analysis_all_sets,0.7326056,scaled analysis input PGA
local_P695_scaled_analysis_all_sets,0.3578179,scaled analysis input PGA
local_P695_scaled_analysis_all_sets,0.64002375,scaled analysis input PGA
local_P695_scaled_analysis_all_sets,0.8895897,scaled analysis input PGA
local_P695_scaled_analysis_all_sets,0.10329140000000002,scaled analysis input PGA
local_P695_scaled_analysis_all_sets,0.07253048,scaled analysis input PGA
local_P695_scaled_analysis_all_sets,0.13896665,scaled analysis input PGA
local_P695_scaled_analysis_all_sets,0.8780907,scaled analysis input PGA
local_P695_scaled_analysis_all_sets,0.3217475,scaled analysis input PGA
local_P695_scaled_analysis_all_sets,0.05147960000000001,scaled analysis input PGA
local_P695_scaled_analysis_all_sets,0.3626524,scaled analysis input PGA
local_P695_scaled_analysis_all_sets,0.092953,scaled analysis input PGA
local_P695_scaled_analysis_all_sets,1.7892825,scaled analysis input PGA
local_P695_scaled_analysis_all_sets,0.1668861,scaled analysis input PGA
local_P695_scaled_analysis_all_sets,1.2336435,scaled analysis input PGA
local_P695_scaled_analysis_all_sets,0.55214225,scaled analysis input PGA
local_P695_scaled_analysis_all_sets,0.351119,scaled analysis input PGA
local_P695_scaled_analysis_all_sets,0.33128535,scaled analysis input PGA
local_P695_scaled_analysis_all_sets,0.07098900000000001,scaled analysis input PGA
local_P695_scaled_analysis_all_sets,0.220787245,scaled analysis input PGA
local_P695_scaled_analysis_all_sets,0.07253048,scaled analysis input PGA
local_P695_scaled_analysis_all_sets,0.9444075,scaled analysis input PGA
local_P695_scaled_analysis_all_sets,0.449743725,scaled analysis input PGA
local_P695_scaled_analysis_all_sets,0.2102315,scaled analysis input PGA
local_P695_scaled_analysis_all_sets,0.102544295,scaled analysis input PGA
local_P695_scaled_analysis_all_sets,0.12351045,scaled analysis input PGA
local_P695_scaled_analysis_all_sets,0.25185195,scaled analysis input PGA
local_P695_scaled_analysis_all_sets,0.5494542,scaled analysis input PGA
local_P695_scaled_analysis_all_sets,0.354945,scaled analysis input PGA
local_P695_scaled_analysis_all_sets,0.614812,scaled analysis input PGA
local_P695_scaled_analysis_all_sets,0.1887125,scaled analysis input PGA
local_P695_scaled_analysis_all_sets,0.52557875,scaled analysis input PGA
local_P695_scaled_analysis_all_sets,0.0840926,scaled analysis input PGA
local_P695_scaled_analysis_all_sets,0.053116,scaled analysis input PGA
local_P695_scaled_analysis_all_sets,0.16870069999999998,scaled analysis input PGA
local_P695_scaled_analysis_all_sets,0.7264470000000001,scaled analysis input PGA
local_P695_scaled_analysis_all_sets,0.2612685,scaled analysis input PGA
local_P695_scaled_analysis_all_sets,0.33197499999999996,scaled analysis input PGA
local_P695_scaled_analysis_all_sets,1.7892825,scaled analysis input PGA
local_P695_scaled_analysis_all_sets,0.314333,scaled analysis input PGA
local_P695_scaled_analysis_all_sets,0.199185,scaled analysis input PGA
local_P695_scaled_analysis_all_sets,0.512019,scaled analysis input PGA
local_P695_scaled_analysis_all_sets,0.249848925,scaled analysis input PGA
local_P695_scaled_analysis_all_sets,1.08725725,scaled analysis input PGA
local_P695_scaled_analysis_all_sets,0.07415042,scaled analysis input PGA
local_P695_scaled_analysis_all_sets,0.24740331,scaled analysis input PGA
local_P695_scaled_analysis_all_sets,0.55214225,scaled analysis input PGA
local_P695_scaled_analysis_all_sets,0.1455162,scaled analysis input PGA
local_P695_scaled_analysis_all_sets,0.08381894000000001,scaled analysis input PGA
local_P695_scaled_analysis_all_sets,0.1887125,scaled analysis input PGA
local_P695_scaled_analysis_all_sets,0.5316369750000001,scaled analysis input PGA
local_P695_scaled_analysis_all_sets,0.7311632,scaled analysis input PGA
local_P695_scaled_analysis_all_sets,0.347416625,scaled analysis input PGA
local_P695_scaled_analysis_all_sets,0.28785014999999997,scaled analysis input PGA
local_P695_scaled_analysis_all_sets,0.05685716,scaled analysis input PGA
local_P695_scaled_analysis_all_sets,0.2833526,scaled analysis input PGA
local_P695_scaled_analysis_all_sets,0.16602319999999998,scaled analysis input PGA
local_P695_scaled_analysis_all_sets,0.07548500000000001,scaled analysis input PGA
local_P695_scaled_analysis_all_sets,0.30995685,scaled analysis input PGA
local_P695_scaled_analysis_all_sets,0.5238683749999999,scaled analysis input PGA
local_P695_scaled_analysis_all_sets,1.4103875,scaled analysis input PGA
local_P695_scaled_analysis_all_sets,1.0989084,scaled analysis input PGA
local_P695_scaled_analysis_all_sets,0.225662,scaled analysis input PGA
local_P695_scaled_analysis_all_sets,0.6479742500000001,scaled analysis input PGA
local_P695_scaled_analysis_all_sets,0.10510219999999999,scaled analysis input PGA
local_P695_scaled_analysis_all_sets,1.14173505,scaled analysis input PGA
local_P695_scaled_analysis_all_sets,0.08079842000000001,scaled analysis input PGA
local_P695_scaled_analysis_all_sets,0.570867525,scaled analysis input PGA
local_P695_scaled_analysis_all_sets,0.8233905000000001,scaled analysis input PGA
local_P695_scaled_analysis_all_sets,0.90947625,scaled analysis input PGA
local_P695_scaled_analysis_all_sets,0.570867525,scaled analysis input PGA
local_P695_scaled_analysis_all_sets,0.5456857500000001,scaled analysis input PGA
local_P695_scaled_analysis_all_sets,0.4242375,scaled analysis input PGA
local_P695_scaled_analysis_all_sets,0.25641196,scaled analysis input PGA
local_P695_scaled_analysis_all_sets,0.21973777500000002,scaled analysis input PGA
local_P695_scaled_analysis_all_sets,0.1764435,scaled analysis input PGA
local_P695_scaled_analysis_all_sets,0.7685150000000001,scaled analysis input PGA
local_P695_scaled_analysis_all_sets,0.1018676,scaled analysis input PGA
local_P695_scaled_analysis_all_sets,0.49969785,scaled analysis input PGA
local_P695_scaled_analysis_all_sets,0.7541235,scaled analysis input PGA
local_P695_scaled_analysis_all_sets,0.2082095,scaled analysis input PGA
local_P695_scaled_analysis_all_sets,0.44072349999999993,scaled analysis input PGA
local_P695_scaled_analysis_all_sets,0.11753090999999999,scaled analysis input PGA
local_P695_scaled_analysis_all_sets,0.2066379,scaled analysis input PGA
local_P695_scaled_analysis_all_sets,0.12806085,scaled analysis input PGA
local_P695_scaled_analysis_all_sets,0.18189525,scaled analysis input PGA
local_P695_scaled_analysis_all_sets,1.156699,scaled analysis input PGA
local_P695_scaled_analysis_all_sets,0.4132758,scaled analysis input PGA
local_P695_scaled_analysis_all_sets,0.05293305,scaled analysis input PGA
local_P695_scaled_analysis_all_sets,0.223163,scaled analysis input PGA
local_P695_scaled_analysis_all_sets,0.1286405,scaled analysis input PGA
local_P695_scaled_analysis_all_sets,0.2066379,scaled analysis input PGA
local_P695_scaled_analysis_all_sets,0.2078915,scaled analysis input PGA
local_P695_scaled_analysis_all_sets,0.3637905,scaled analysis input PGA
local_P695_scaled_analysis_all_sets,0.15740125,scaled analysis input PGA
local_P695_scaled_analysis_all_sets,0.248097255,scaled analysis input PGA
local_P695_scaled_analysis_all_sets,0.05269935,scaled analysis input PGA
local_P695_scaled_analysis_all_sets,0.28929306,scaled analysis input PGA
local_P695_scaled_analysis_all_sets,0.17920665,scaled analysis input PGA
local_P695_scaled_analysis_all_sets,0.10967448,scaled analysis input PGA
local_P695_scaled_analysis_all_sets,0.1774725,scaled analysis input PGA
local_P695_scaled_analysis_all_sets,0.10913715,scaled analysis input PGA
local_P695_scaled_analysis_all_sets,0.363978,scaled analysis input PGA
local_P695_scaled_analysis_all_sets,0.14834119999999998,scaled analysis input PGA
local_P695_scaled_analysis_all_sets,0.31541035,scaled analysis input PGA
local_P695_scaled_analysis_all_sets,0.3637905,scaled analysis input PGA
local_P695_scaled_analysis_all_sets,0.29753665,scaled analysis input PGA
local_P695_scaled_analysis_all_sets,0.100998025,scaled analysis input PGA
local_P695_scaled_analysis_all_sets,0.3132501,scaled analysis input PGA
local_P695_scaled_analysis_all_sets,0.416419,scaled analysis input PGA
local_P695_scaled_analysis_all_sets,0.0832536,scaled analysis input PGA
local_P695_scaled_analysis_all_sets,0.0468192,scaled analysis input PGA
local_P695_scaled_analysis_all_sets,0.443293,scaled analysis input PGA
local_P695_scaled_analysis_all_sets,0.19212445,scaled analysis input PGA
local_P695_scaled_analysis_all_sets,0.3132501,scaled analysis input PGA
local_P695_scaled_analysis_all_sets,0.28279447,scaled analysis input PGA
local_P695_scaled_analysis_all_sets,0.1469132,scaled analysis input PGA
local_P695_scaled_analysis_all_sets,0.28929306,scaled analysis input PGA
local_P695_scaled_analysis_all_sets,0.2459303,scaled analysis input PGA
local_P695_scaled_analysis_all_sets,0.2110776,scaled analysis input PGA
local_P695_scaled_analysis_all_sets,0.241001,scaled analysis input PGA
local_P695_scaled_analysis_all_sets,0.2082095,scaled analysis input PGA
local_P695_scaled_analysis_all_sets,0.496352,scaled analysis input PGA
local_P695_scaled_analysis_all_sets,0.2513745,scaled analysis input PGA
local_P695_scaled_analysis_all_sets,0.0765926,scaled analysis input PGA
local_P695_scaled_analysis_all_sets,0.12296515,scaled analysis input PGA
local_P695_scaled_analysis_all_sets,0.1801786,scaled analysis input PGA
local_P695_scaled_analysis_all_sets,0.19542911499999996,scaled analysis input PGA
local_P695_scaled_analysis_all_sets,0.38057835,scaled analysis input PGA
local_P695_scaled_analysis_all_sets,0.49480662,scaled analysis input PGA
local_P695_scaled_analysis_all_sets,0.3707521,scaled analysis input PGA
local_P695_scaled_analysis_all_sets,0.092688025,scaled analysis input PGA
local_P695_scaled_analysis_all_sets,0.3707521,scaled analysis input PGA
local_P695_scaled_analysis_all_sets,0.058765454999999994,scaled analysis input PGA
local_P695_scaled_analysis_all_sets,0.0909945,scaled analysis input PGA
local_P695_scaled_analysis_all_sets,0.15515255,scaled analysis input PGA
local_P695_scaled_analysis_all_sets,0.7068666,scaled analysis input PGA
local_P695_scaled_analysis_all_sets,0.3390086,scaled analysis input PGA
local_P695_scaled_analysis_all_sets,0.089454475,scaled analysis input PGA
local_P695_scaled_analysis_all_sets,0.4349029,scaled analysis input PGA
local_P695_scaled_analysis_all_sets,0.38851679999999994,scaled analysis input PGA
local_P695_scaled_analysis_all_sets,0.41655131,scaled analysis input PGA
local_P695_scaled_analysis_all_sets,0.07417059999999999,scaled analysis input PGA
local_P695_scaled_analysis_all_sets,0.11786914999999999,scaled analysis input PGA
local_P695_scaled_analysis_all_sets,0.2078915,scaled analysis input PGA
local_P695_scaled_analysis_all_sets,0.2820775,scaled analysis input PGA
local_P695_scaled_analysis_all_sets,0.178938,scaled analysis input PGA
local_P695_scaled_analysis_all_sets,0.2459303,scaled analysis input PGA
local_P695_scaled_analysis_all_sets,0.06236745,scaled analysis input PGA
local_P695_scaled_analysis_all_sets,0.15377005,scaled analysis input PGA
local_P695_scaled_analysis_all_sets,1.269103,scaled analysis input PGA
local_P695_scaled_analysis_all_sets,0.036720449999999995,scaled analysis input PGA
local_P695_scaled_analysis_all_sets,0.420463,scaled analysis input PGA
local_P695_scaled_analysis_all_sets,0.19797749999999997,scaled analysis input PGA
local_P695_scaled_analysis_all_sets,0.7063502,scaled analysis input PGA
local_P695_scaled_analysis_all_sets,0.23319232999999998,scaled analysis input PGA
local_P695_scaled_analysis_all_sets,0.7088493,scaled analysis input PGA
local_P695_scaled_analysis_all_sets,0.2066379,scaled analysis input PGA
local_P695_scaled_analysis_all_sets,0.1702631,scaled analysis input PGA
local_P695_scaled_analysis_all_sets,0.14634845,scaled analysis input PGA
local_P695_scaled_analysis_all_sets,0.853739,scaled analysis input PGA
local_P695_scaled_analysis_all_sets,0.153703,scaled analysis input PGA
local_P695_scaled_analysis_all_sets,0.19212445,scaled analysis input PGA
local_P695_scaled_analysis_all_sets,0.057824083333333144,scaled analysis input PGA
local_P695_scaled_analysis_all_sets,0.0734566,scaled analysis input PGA
local_P695_scaled_analysis_all_sets,0.269794,scaled analysis input PGA
local_P695_scaled_analysis_all_sets,0.38542,scaled analysis input PGA
local_P695_scaled_analysis_all_sets,0.12692834,scaled analysis input PGA
local_P695_scaled_analysis_all_sets,0.31541035,scaled analysis input PGA
local_P695_scaled_analysis_all_sets,0.1046371,scaled analysis input PGA
local_P695_scaled_analysis_all_sets,0.6345515,scaled analysis input PGA
local_P695_scaled_analysis_all_sets,0.2151842,scaled analysis input PGA
local_P695_scaled_analysis_all_sets,0.49480662,scaled analysis input PGA
local_P695_scaled_analysis_all_sets,0.28279447,scaled analysis input PGA
local_P695_scaled_analysis_all_sets,0.0734566,scaled analysis input PGA
local_P695_scaled_analysis_all_sets,0.15515255,scaled analysis input PGA
local_P695_scaled_analysis_all_sets,0.1097705,scaled analysis input PGA
local_P695_scaled_analysis_all_sets,0.22036174999999997,scaled analysis input PGA
local_P695_scaled_analysis_all_sets,0.3707521,scaled analysis input PGA
local_P695_scaled_analysis_all_sets,0.38542,scaled analysis input PGA
local_P695_scaled_analysis_all_sets,0.11844619499999999,scaled analysis input PGA
local_P695_scaled_analysis_all_sets,0.3655816,scaled analysis input PGA
local_P695_scaled_analysis_all_sets,0.1224015,scaled analysis input PGA
local_P695_scaled_analysis_all_sets,0.377425,scaled analysis input PGA
local_P695_scaled_analysis_all_sets,0.0757915,scaled analysis input PGA
local_P695_scaled_analysis_all_sets,0.35892192,scaled analysis input PGA
local_P695_scaled_analysis_all_sets,0.05266785,scaled analysis input PGA
local_P695_scaled_analysis_all_sets,0.1683845,scaled analysis input PGA
local_P695_scaled_analysis_all_sets,0.27736512999999996,scaled analysis input PGA
local_P695_scaled_analysis_all_sets,0.12423075,scaled analysis input PGA
local_P695_scaled_analysis_all_sets,0.20488782999999997,scaled analysis input PGA
local_P695_scaled_analysis_all_sets,0.04250289,scaled analysis input PGA
local_P695_scaled_analysis_all_sets,0.25952646999999995,scaled analysis input PGA
local_P695_scaled_analysis_all_sets,0.139592225,scaled analysis input PGA
local_P695_scaled_analysis_all_sets,0.29880865,scaled analysis input PGA
local_P695_scaled_analysis_all_sets,0.036720449999999995,scaled analysis input PGA
local_P695_scaled_analysis_all_sets,0.07683934999999999,scaled analysis input PGA
local_P695_scaled_analysis_all_sets,0.514562,scaled analysis input PGA
local_P695_scaled_analysis_all_sets,0.060598815,scaled analysis input PGA
local_P695_scaled_analysis_all_sets,0.130655,scaled analysis input PGA
local_P695_scaled_analysis_all_sets,1.0967448,scaled analysis input PGA
local_P695_scaled_analysis_all_sets,0.1423056,scaled analysis input PGA
local_P695_scaled_analysis_all_sets,0.2208569,scaled analysis input PGA
local_P695_scaled_analysis_all_sets,0.37706175,scaled analysis input PGA
local_P695_scaled_analysis_all_sets,0.21190506,scaled analysis input PGA
local_P695_scaled_analysis_all_sets,0.7858324999999999,scaled analysis input PGA
local_P695_scaled_analysis_all_sets,0.4132758,scaled analysis input PGA
local_P695_scaled_analysis_all_sets,0.5488525,scaled analysis input PGA
local_P695_scaled_analysis_all_sets,0.09993956999999999,scaled analysis input PGA
local_P695_scaled_analysis_all_sets,0.614812,scaled analysis input PGA
local_P695_scaled_analysis_all_sets,0.249848925,scaled analysis input PGA
local_P695_scaled_analysis_all_sets,0.351329,scaled analysis input PGA
local_P695_scaled_analysis_all_sets,0.2591897,scaled analysis input PGA
local_P695_scaled_analysis_all_sets,0.3625452,scaled analysis input PGA
local_P695_scaled_analysis_all_sets,0.514796,scaled analysis input PGA
local_P695_scaled_analysis_all_sets,0.886586,scaled analysis input PGA
local_P695_scaled_analysis_all_sets,0.5439786,scaled analysis input PGA
local_P695_scaled_analysis_all_sets,0.8443104,scaled analysis input PGA
local_P695_scaled_analysis_all_sets,0.8945447500000001,scaled analysis input PGA
local_P695_scaled_analysis_all_sets,0.7083815,scaled analysis input PGA
local_P695_scaled_analysis_all_sets,0.2560095,scaled analysis input PGA
local_P695_scaled_analysis_all_sets,0.89948745,scaled analysis input PGA
local_P695_scaled_analysis_all_sets,0.351119,scaled analysis input PGA
local_P695_scaled_analysis_all_sets,1.0511575,scaled analysis input PGA
local_P695_scaled_analysis_all_sets,0.484298,scaled analysis input PGA
local_P695_scaled_analysis_all_sets,0.4221552,scaled analysis input PGA
local_P695_scaled_analysis_all_sets,0.35442465,scaled analysis input PGA
local_P695_scaled_analysis_all_sets,0.5269935,scaled analysis input PGA
local_P695_scaled_analysis_all_sets,0.496352,scaled analysis input PGA
local_P695_scaled_analysis_all_sets,0.4132758,scaled analysis input PGA
local_P695_scaled_analysis_all_sets,0.715752,scaled analysis input PGA
local_P695_scaled_analysis_all_sets,0.2779333,scaled analysis input PGA
local_P695_scaled_analysis_all_sets,0.8834276,scaled analysis input PGA
local_P695_scaled_analysis_all_sets,1.4634844999999999,scaled analysis input PGA
local_P695_scaled_analysis_all_sets,1.1861196,scaled analysis input PGA
local_P695_scaled_analysis_all_sets,0.628666,scaled analysis input PGA
local_P695_scaled_analysis_all_sets,0.3139113,scaled analysis input PGA
local_P695_scaled_analysis_all_sets,0.780398,scaled analysis input PGA
local_P695_scaled_analysis_all_sets,0.3672045,scaled analysis input PGA
local_P695_scaled_analysis_all_sets,0.357876,scaled analysis input PGA
local_P695_scaled_analysis_all_sets,1.39592225,scaled analysis input PGA
local_P695_scaled_analysis_all_sets,0.35663849999999997,scaled analysis input PGA
local_P695_scaled_analysis_all_sets,0.25032915,scaled analysis input PGA
local_P695_scaled_analysis_all_sets,0.614812,scaled analysis input PGA
local_P695_scaled_analysis_all_sets,1.5223134,scaled analysis input PGA
local_P695_scaled_analysis_all_sets,0.6353847,scaled analysis input PGA
local_P695_scaled_analysis_all_sets,0.36322350000000003,scaled analysis input PGA
local_P695_scaled_analysis_all_sets,0.1508247,scaled analysis input PGA
local_P695_scaled_analysis_all_sets,0.28306875,scaled analysis input PGA
local_P695_scaled_analysis_all_sets,0.4833936,scaled analysis input PGA
local_P695_scaled_analysis_all_sets,0.570867525,scaled analysis input PGA
local_P695_scaled_analysis_all_sets,0.08789511,scaled analysis input PGA
local_P695_scaled_analysis_all_sets,0.2560095,scaled analysis input PGA
local_P695_scaled_analysis_all_sets,0.26558,scaled analysis input PGA
local_P695_scaled_analysis_all_sets,0.9444075,scaled analysis input PGA
local_P695_scaled_analysis_all_sets,0.208449975,scaled analysis input PGA
local_P695_scaled_analysis_all_sets,1.4634844999999999,scaled analysis input PGA
local_P695_scaled_analysis_all_sets,0.822429,scaled analysis input PGA
local_P695_scaled_analysis_all_sets,0.208449975,scaled analysis input PGA
local_P695_scaled_analysis_all_sets,0.4190947,scaled analysis input PGA
local_P695_scaled_analysis_all_sets,0.47220375,scaled analysis input PGA
local_P695_scaled_analysis_all_sets,0.5685716,scaled analysis input PGA
local_P695_scaled_analysis_all_sets,0.6662638,scaled analysis input PGA
local_P695_scaled_analysis_all_sets,1.1707876,scaled analysis input PGA
local_P695_scaled_analysis_all_sets,0.363978,scaled analysis input PGA
local_P695_scaled_analysis_all_sets,0.37706175,scaled analysis input PGA
local_P695_scaled_analysis_all_sets,0.2513745,scaled analysis input PGA
local_P695_scaled_analysis_all_sets,1.024038,scaled analysis input PGA
local_P695_scaled_analysis_all_sets,0.906631,scaled analysis input PGA
local_P695_scaled_analysis_all_sets,0.254669,scaled analysis input PGA
local_P695_scaled_analysis_all_sets,0.7070624999999999,scaled analysis input PGA
local_P695_scaled_analysis_all_sets,0.5558666,scaled analysis input PGA
local_P695_scaled_analysis_all_sets,0.303166,scaled analysis input PGA
local_P695_scaled_analysis_all_sets,0.0629628,scaled analysis input PGA
local_P695_scaled_analysis_all_sets,0.363978,scaled analysis input PGA
local_P695_scaled_analysis_all_sets,0.13278715,scaled analysis input PGA
local_P695_scaled_analysis_all_sets,0.5439786,scaled analysis input PGA
local_P695_scaled_analysis_all_sets,0.09429989999999999,scaled analysis input PGA
local_P695_scaled_analysis_all_sets,0.18888149999999998,scaled analysis input PGA
local_P695_scaled_analysis_all_sets,0.8370968,scaled analysis input PGA
local_P695_scaled_analysis_all_sets,1.18588,scaled analysis input PGA
local_P695_scaled_analysis_all_sets,0.6675444,scaled analysis input PGA
local_P695_scaled_analysis_all_sets,0.4185484,scaled analysis input PGA
local_P695_scaled_analysis_all_sets,1.57705175,scaled analysis input PGA
local_P695_scaled_analysis_all_sets,0.39836145,scaled analysis input PGA
local_P695_scaled_analysis_all_sets,0.1523793083333332,scaled analysis input PGA
local_P695_scaled_analysis_all_sets,1.005498,scaled analysis input PGA
local_P695_scaled_analysis_all_sets,0.21321435,scaled analysis input PGA
local_P695_scaled_analysis_all_sets,0.78393,scaled analysis input PGA
local_P695_scaled_analysis_all_sets,0.1053987,scaled analysis input PGA
local_P695_scaled_analysis_all_sets,0.21190506,scaled analysis input PGA
local_P695_scaled_analysis_all_sets,0.19811795,scaled analysis input PGA
local_P695_scaled_analysis_all_sets,0.26620875,scaled analysis input PGA
local_P695_scaled_analysis_all_sets,0.832838,scaled analysis input PGA
local_P695_scaled_analysis_all_sets,0.5558666,scaled analysis input PGA
local_P695_scaled_analysis_all_sets,0.89260995,scaled analysis input PGA
local_P695_scaled_analysis_all_sets,0.56565,scaled analysis input PGA
local_P695_scaled_analysis_all_sets,0.38401425,scaled analysis input PGA
local_P695_scaled_analysis_all_sets,1.643573,scaled analysis input PGA
local_P695_scaled_analysis_all_sets,0.11562599999999999,scaled analysis input PGA
local_P695_scaled_analysis_all_sets,0.41626799999999997,scaled analysis input PGA
local_P695_scaled_analysis_all_sets,0.2311969,scaled analysis input PGA
local_P695_scaled_analysis_all_sets,0.4112145,scaled analysis input PGA
local_P695_scaled_analysis_all_sets,0.502749,scaled analysis input PGA
local_P695_scaled_analysis_all_sets,0.5667052,scaled analysis input PGA
local_P695_scaled_analysis_all_sets,1.2336435,scaled analysis input PGA
local_P695_scaled_analysis_all_sets,0.5459670000000001,scaled analysis input PGA
local_P695_scaled_analysis_all_sets,0.7253048,scaled analysis input PGA
local_P695_scaled_analysis_all_sets,0.5661375,scaled analysis input PGA
local_P695_scaled_analysis_all_sets,0.26558,scaled analysis input PGA
local_P695_scaled_analysis_all_sets,0.10736280000000001,scaled analysis input PGA
local_P695_scaled_analysis_all_sets,0.1053987,scaled analysis input PGA
local_P695_scaled_analysis_all_sets,0.35663849999999997,scaled analysis input PGA
local_P695_scaled_analysis_all_sets,0.282825,scaled analysis input PGA
local_P695_scaled_analysis_all_sets,0.04497,scaled analysis input PGA
local_P695_scaled_analysis_all_sets,0.08395065,scaled analysis input PGA
local_P695_scaled_analysis_all_sets,0.23129633333333258,scaled analysis input PGA
local_P695_scaled_analysis_all_sets,0.62864205,scaled analysis input PGA
local_P695_scaled_analysis_all_sets,0.50954535,scaled analysis input PGA
local_P695_scaled_analysis_all_sets,0.158937,scaled analysis input PGA
local_P695_scaled_analysis_all_sets,1.0913715000000002,scaled analysis input PGA
local_P695_scaled_analysis_all_sets,0.5930598,scaled analysis input PGA
local_P695_scaled_analysis_all_sets,0.31231425,scaled analysis input PGA
local_P695_scaled_analysis_all_sets,0.105958,scaled analysis input PGA
local_P695_scaled_analysis_all_sets,0.891692,scaled analysis input PGA
local_P695_scaled_analysis_all_sets,1.9036545,scaled analysis input PGA
local_P695_scaled_analysis_all_sets,0.0870895,scaled analysis input PGA
local_P695_scaled_analysis_all_sets,1.0735695,scaled analysis input PGA
local_P695_scaled_analysis_all_sets,0.2842858,scaled analysis input PGA
local_P695_scaled_analysis_all_sets,1.210745,scaled analysis input PGA
local_P695_scaled_analysis_all_sets,0.514796,scaled analysis input PGA
local_P695_scaled_analysis_all_sets,1.14173505,scaled analysis input PGA
local_P695_scaled_analysis_all_sets,0.10190907,scaled analysis input PGA
local_P695_scaled_analysis_all_sets,0.17831924999999998,scaled analysis input PGA
local_P695_scaled_analysis_all_sets,1.7350485,scaled analysis input PGA
local_P695_scaled_analysis_all_sets,0.6625707,scaled analysis input PGA
local_P695_scaled_analysis_all_sets,1.0989084,scaled analysis input PGA
local_P695_scaled_analysis_all_sets,0.5853938,scaled analysis input PGA
local_P695_scaled_analysis_all_sets,0.39482065,scaled analysis input PGA
local_P695_scaled_analysis_all_sets,0.1446006,scaled analysis input PGA
local_P695_scaled_analysis_all_sets,0.502749,scaled analysis input PGA
local_P695_scaled_analysis_all_sets,1.2050049999999999,scaled analysis input PGA
local_P695_scaled_analysis_all_sets,0.19271,scaled analysis input PGA
local_P695_scaled_analysis_all_sets,0.416419,scaled analysis input PGA
local_P695_scaled_analysis_all_sets,0.516457,scaled analysis input PGA
local_P695_scaled_analysis_all_sets,0.3845592,scaled analysis input PGA
local_P695_scaled_analysis_all_sets,0.386097,scaled analysis input PGA
local_P695_scaled_analysis_all_sets,0.151528,scaled analysis input PGA
local_P695_scaled_analysis_all_sets,1.1559845,scaled analysis input PGA
local_P695_scaled_analysis_all_sets,0.8780907,scaled analysis input PGA
local_P695_scaled_analysis_all_sets,1.1901466,scaled analysis input PGA
local_P695_scaled_analysis_all_sets,0.909945,scaled analysis input PGA
local_P695_scaled_analysis_all_sets,1.0394575000000001,scaled analysis input PGA
local_P695_scaled_analysis_all_sets,0.13871814,scaled analysis input PGA
local_P695_scaled_analysis_all_sets,0.6120075,scaled analysis input PGA
local_P695_scaled_analysis_all_sets,0.3534333,scaled analysis input PGA
local_P695_scaled_analysis_all_sets,0.9435625000000001,scaled analysis input PGA
local_P695_scaled_analysis_all_sets,0.8079842,scaled analysis input PGA
local_P695_scaled_analysis_all_sets,0.2066379,scaled analysis input PGA
local_P695_scaled_analysis_all_sets,2.1343475,scaled analysis input PGA
local_P695_scaled_analysis_all_sets,0.992704,scaled analysis input PGA
local_P695_scaled_analysis_all_sets,0.8325359999999999,scaled analysis input PGA
local_P695_scaled_analysis_all_sets,0.6590145,scaled analysis input PGA
local_P695_scaled_analysis_all_sets,1.273345,scaled analysis input PGA
local_P695_scaled_analysis_all_sets,0.26333925,scaled analysis input PGA
local_P695_scaled_analysis_all_sets,0.496352,scaled analysis input PGA
local_P695_scaled_analysis_all_sets,0.31541035,scaled analysis input PGA
local_P695_scaled_analysis_all_sets,0.3358026,scaled analysis input PGA
local_P695_scaled_analysis_all_sets,0.1668861,scaled analysis input PGA
local_P695_scaled_analysis_all_sets,0.7445280000000001,scaled analysis input PGA
local_P695_scaled_analysis_all_sets,0.516457,scaled analysis input PGA
local_P695_scaled_analysis_all_sets,0.592230975,scaled analysis input PGA
local_P695_scaled_analysis_all_sets,0.045458399999999996,scaled analysis input PGA
local_P695_scaled_analysis_all_sets,0.3331319,scaled analysis input PGA
local_P695_scaled_analysis_all_sets,0.7115279999999999,scaled analysis input PGA
local_P695_scaled_analysis_all_sets,0.18537605,scaled analysis input PGA
local_P695_scaled_analysis_all_sets,0.9174150000000001,scaled analysis input PGA
local_P695_scaled_analysis_all_sets,0.17347224999999944,scaled analysis input PGA
local_P695_scaled_analysis_all_sets,0.2926969,scaled analysis input PGA
local_P695_scaled_analysis_all_sets,0.16984845,scaled analysis input PGA
local_P695_scaled_analysis_all_sets,0.858775,scaled analysis input PGA
local_P695_scaled_analysis_all_sets,1.2568725,scaled analysis input PGA
local_P695_scaled_analysis_all_sets,0.27298350000000005,scaled analysis input PGA
local_P695_scaled_analysis_all_sets,0.21321435,scaled analysis input PGA
local_P695_scaled_analysis_all_sets,0.1053987,scaled analysis input PGA
local_P695_scaled_analysis_all_sets,0.7924718,scaled analysis input PGA
local_P695_scaled_analysis_all_sets,0.8873625,scaled analysis input PGA
local_P695_scaled_analysis_all_sets,0.348358,scaled analysis input PGA
local_P695_scaled_analysis_all_sets,0.7326056,scaled analysis input PGA
local_P695_scaled_analysis_all_sets,0.3615015,scaled analysis input PGA
local_P695_scaled_analysis_all_sets,0.38200349999999994,scaled analysis input PGA
local_P695_scaled_analysis_all_sets,0.363978,scaled analysis input PGA
local_P695_scaled_analysis_all_sets,1.18588,scaled analysis input PGA
local_P695_scaled_analysis_all_sets,0.3166164,scaled analysis input PGA
local_P695_scaled_analysis_all_sets,0.13389779999999998,scaled analysis input PGA
local_P695_scaled_analysis_all_sets,0.391965,scaled analysis input PGA
local_P695_scaled_analysis_all_sets,0.7415042,scaled analysis input PGA
local_P695_scaled_analysis_all_sets,1.5740124999999998,scaled analysis input PGA
local_P695_scaled_analysis_all_sets,0.30753074999999996,scaled analysis input PGA
local_P695_scaled_analysis_all_sets,1.8315139999999999,scaled analysis input PGA
local_P695_scaled_analysis_all_sets,1.644858,scaled analysis input PGA
local_P695_scaled_analysis_all_sets,0.243233,scaled analysis input PGA
local_P695_scaled_analysis_all_sets,0.8375533499999999,scaled analysis input PGA
local_P695_scaled_analysis_all_sets,0.243233,scaled analysis input PGA
local_P695_scaled_analysis_all_sets,1.2806085,scaled analysis input PGA
local_P695_scaled_analysis_all_sets,0.7611567,scaled analysis input PGA
local_P695_scaled_analysis_all_sets,1.032914,scaled analysis input PGA
local_P695_scaled_analysis_all_sets,0.18888149999999998,scaled analysis input PGA
local_P695_scaled_analysis_all_sets,0.536814,scaled analysis input PGA
local_P695_scaled_analysis_all_sets,0.164127,scaled analysis input PGA
local_P695_scaled_analysis_all_sets,0.7445280000000001,scaled analysis input PGA
local_P695_scaled_analysis_all_sets,0.26333925,scaled analysis input PGA
local_P695_scaled_analysis_all_sets,0.2416968,scaled analysis input PGA
local_P695_scaled_analysis_all_sets,0.43947555000000005,scaled analysis input PGA
local_P695_scaled_analysis_all_sets,0.14649185,scaled analysis input PGA
local_P695_scaled_analysis_all_sets,0.8233905000000001,scaled analysis input PGA
local_P695_scaled_analysis_all_sets,0.26131,scaled analysis input PGA
local_P695_scaled_analysis_all_sets,0.5439786,scaled analysis input PGA
local_P695_scaled_analysis_all_sets,0.199180725,scaled analysis input PGA
local_P695_scaled_analysis_all_sets,0.6246285,scaled analysis input PGA
local_P695_scaled_analysis_all_sets,0.75073,scaled analysis input PGA
local_P695_scaled_analysis_all_sets,0.2779333,scaled analysis input PGA
local_P695_scaled_analysis_all_sets,1.18446195,scaled analysis input PGA
local_P695_scaled_analysis_all_sets,0.244803,scaled analysis input PGA
local_P695_scaled_analysis_all_sets,0.277512,scaled analysis input PGA
local_P695_scaled_analysis_all_sets,0.410041,scaled analysis input PGA
local_P695_scaled_analysis_all_sets,0.423832,scaled analysis input PGA
local_P695_scaled_analysis_all_sets,0.0522537,scaled analysis input PGA
local_P695_scaled_analysis_all_sets,0.7775691,scaled analysis input PGA
local_P695_scaled_analysis_all_sets,0.4112145,scaled analysis input PGA
local_P695_scaled_analysis_all_sets,0.11564816666666629,scaled analysis input PGA
local_P695_scaled_analysis_all_sets,0.3648495,scaled analysis input PGA
local_P695_scaled_analysis_all_sets,0.2050205,scaled analysis input PGA
local_P695_scaled_analysis_all_sets,0.38734275000000007,scaled analysis input PGA
local_P695_scaled_analysis_all_sets,0.3663028,scaled analysis input PGA
local_P695_scaled_analysis_all_sets,0.07495,scaled analysis input PGA
local_P695_scaled_analysis_all_sets,1.14173505,scaled analysis input PGA
local_P695_scaled_analysis_all_sets,0.1679013,scaled analysis input PGA
local_P695_scaled_analysis_all_sets,0.3047586166666664,scaled analysis input PGA
local_P695_scaled_analysis_all_sets,0.5661375,scaled analysis input PGA
local_P695_scaled_analysis_farfield_only,0.181989,scaled analysis input PGA
local_P695_scaled_analysis_farfield_only,0.1252566,scaled analysis input PGA
local_P695_scaled_analysis_farfield_only,0.51255125,scaled analysis input PGA
local_P695_scaled_analysis_farfield_only,0.6246285,scaled analysis input PGA
local_P695_scaled_analysis_farfield_only,0.5269935,scaled analysis input PGA
local_P695_scaled_analysis_farfield_only,0.19425839999999997,scaled analysis input PGA
local_P695_scaled_analysis_farfield_only,0.10054980000000001,scaled analysis input PGA
local_P695_scaled_analysis_farfield_only,0.264895,scaled analysis input PGA
local_P695_scaled_analysis_farfield_only,0.1273923,scaled analysis input PGA
local_P695_scaled_analysis_farfield_only,0.18941,scaled analysis input PGA
local_P695_scaled_analysis_farfield_only,0.8233905000000001,scaled analysis input PGA
local_P695_scaled_analysis_farfield_only,0.41626799999999997,scaled analysis input PGA
local_P695_scaled_analysis_farfield_only,0.44368125,scaled analysis input PGA
local_P695_scaled_analysis_farfield_only,0.474352,scaled analysis input PGA
local_P695_scaled_analysis_farfield_only,0.482002,scaled analysis input PGA
local_P695_scaled_analysis_farfield_only,0.351329,scaled analysis input PGA
local_P695_scaled_analysis_farfield_only,0.237176,scaled analysis input PGA
local_P695_scaled_analysis_farfield_only,0.415783,scaled analysis input PGA
local_P695_scaled_analysis_farfield_only,0.075764,scaled analysis input PGA
local_P695_scaled_analysis_farfield_only,0.4242375,scaled analysis input PGA
local_P695_scaled_analysis_farfield_only,0.1273923,scaled analysis input PGA
local_P695_scaled_analysis_farfield_only,0.35576399999999997,scaled analysis input PGA
local_P695_scaled_analysis_farfield_only,0.053116,scaled analysis input PGA
local_P695_scaled_analysis_farfield_only,0.5661375,scaled analysis input PGA
local_P695_scaled_analysis_farfield_only,0.181989,scaled analysis input PGA
local_P695_scaled_analysis_farfield_only,0.16602319999999998,scaled analysis input PGA
local_P695_scaled_analysis_farfield_only,0.1756645,scaled analysis input PGA
local_P695_scaled_analysis_farfield_only,0.211916,scaled analysis input PGA
local_P695_scaled_analysis_farfield_only,0.391965,scaled analysis input PGA
local_P695_scaled_analysis_farfield_only,0.1562141,scaled analysis input PGA
local_P695_scaled_analysis_farfield_only,0.31231425,scaled analysis input PGA
local_P695_scaled_analysis_farfield_only,0.410041,scaled analysis input PGA
local_P695_scaled_analysis_farfield_only,0.29719875,scaled analysis input PGA
local_P695_scaled_analysis_farfield_only,0.041975200000000004,scaled analysis input PGA
local_P695_scaled_analysis_farfield_only,0.030305600000000002,scaled analysis input PGA
local_P695_scaled_analysis_farfield_only,0.43889875,scaled analysis input PGA
local_P695_scaled_analysis_farfield_only,0.2513745,scaled analysis input PGA
local_P695_scaled_analysis_farfield_only,0.3637905,scaled analysis input PGA
local_P695_scaled_analysis_farfield_only,0.7115279999999999,scaled analysis input PGA
local_P695_scaled_analysis_farfield_only,0.443293,scaled analysis input PGA
local_P695_scaled_analysis_farfield_only,0.0900893,scaled analysis input PGA
local_P695_scaled_analysis_farfield_only,0.26620875,scaled analysis input PGA
local_P695_scaled_analysis_farfield_only,0.44110875,scaled analysis input PGA
local_P695_scaled_analysis_farfield_only,0.1024038,scaled analysis input PGA
local_P695_scaled_analysis_farfield_only,0.26558,scaled analysis input PGA
local_P695_scaled_analysis_farfield_only,0.178938,scaled analysis input PGA
local_P695_scaled_analysis_farfield_only,0.1024038,scaled analysis input PGA
local_P695_scaled_analysis_farfield_only,0.1756645,scaled analysis input PGA
local_P695_scaled_analysis_farfield_only,0.0715752,scaled analysis input PGA
local_P695_scaled_analysis_farfield_only,0.443293,scaled analysis input PGA
local_P695_scaled_analysis_farfield_only,0.822429,scaled analysis input PGA
local_P695_scaled_analysis_farfield_only,0.5579075,scaled analysis input PGA
local_P695_scaled_analysis_farfield_only,0.22485,scaled analysis input PGA
local_P695_scaled_analysis_farfield_only,0.32950725,scaled analysis input PGA
local_P695_scaled_analysis_farfield_only,0.08568105,scaled analysis input PGA
local_P695_scaled_analysis_farfield_only,1.02803625,scaled analysis input PGA
local_P695_scaled_analysis_farfield_only,0.22485,scaled analysis input PGA
local_P695_scaled_analysis_farfield_only,0.5459670000000001,scaled analysis input PGA
local_P695_scaled_analysis_farfield_only,0.08315660000000001,scaled analysis input PGA
local_P695_scaled_analysis_farfield_only,0.61682175,scaled analysis input PGA
local_P695_scaled_analysis_farfield_only,0.16870069999999998,scaled analysis input PGA
local_P695_scaled_analysis_farfield_only,0.536814,scaled analysis input PGA
local_P695_scaled_analysis_farfield_only,0.0765926,scaled analysis input PGA
local_P695_scaled_analysis_farfield_only,0.64557125,scaled analysis input PGA
local_P695_scaled_analysis_farfield_only,0.55411625,scaled analysis input PGA
local_P695_scaled_analysis_farfield_only,0.351119,scaled analysis input PGA
local_P695_scaled_analysis_farfield_only,0.8233905000000001,scaled analysis input PGA
local_P695_scaled_analysis_farfield_only,0.25465335,scaled analysis input PGA
local_P695_scaled_analysis_farfield_only,1.2336435,scaled analysis input PGA
local_P695_scaled_analysis_farfield_only,0.502749,scaled analysis input PGA
local_P695_scaled_analysis_farfield_only,0.26333925,scaled analysis input PGA
local_P695_scaled_analysis_farfield_only,0.450438,scaled analysis input PGA
local_P695_scaled_analysis_farfield_only,0.509338,scaled analysis input PGA
local_P695_scaled_analysis_farfield_only,0.386097,scaled analysis input PGA
local_P695_scaled_analysis_farfield_only,0.11786914999999999,scaled analysis input PGA
local_P695_scaled_analysis_farfield_only,0.38542,scaled analysis input PGA
local_P695_scaled_analysis_farfield_only,0.366966,scaled analysis input PGA
local_P695_scaled_analysis_farfield_only,0.0628666,scaled analysis input PGA
local_P695_scaled_analysis_farfield_only,0.363978,scaled analysis input PGA
local_P695_scaled_analysis_farfield_only,0.5197287500000001,scaled analysis input PGA
local_P695_scaled_analysis_farfield_only,0.375365,scaled analysis input PGA
local_P695_scaled_analysis_farfield_only,0.029980000000000003,scaled analysis input PGA
local_P695_scaled_analysis_farfield_only,0.1029124,scaled analysis input PGA
local_P695_scaled_analysis_farfield_only,0.39016,scaled analysis input PGA
local_P695_scaled_analysis_farfield_only,0.52262,scaled analysis input PGA
local_P695_scaled_analysis_farfield_only,0.14574664999999998,scaled analysis input PGA
local_P695_scaled_analysis_farfield_only,0.7541235,scaled analysis input PGA
local_P695_scaled_analysis_farfield_only,0.1284381,scaled analysis input PGA
local_P695_scaled_analysis_farfield_only,0.7680285,scaled analysis input PGA
local_P695_scaled_analysis_farfield_only,0.5269935,scaled analysis input PGA
local_P695_scaled_analysis_farfield_only,0.5579075,scaled analysis input PGA
local_P695_scaled_analysis_farfield_only,0.104524,scaled analysis input PGA
local_P695_scaled_analysis_farfield_only,0.366966,scaled analysis input PGA
local_P695_scaled_analysis_farfield_only,0.2196715,scaled analysis input PGA
local_P695_scaled_analysis_farfield_only,0.1252566,scaled analysis input PGA
local_P695_scaled_analysis_farfield_only,0.516457,scaled analysis input PGA
local_P695_scaled_analysis_farfield_only,0.27298350000000005,scaled analysis input PGA
local_P695_scaled_analysis_farfield_only,0.07098900000000001,scaled analysis input PGA
local_P695_scaled_analysis_farfield_only,0.5266785,scaled analysis input PGA
local_P695_scaled_analysis_farfield_only,0.0765926,scaled analysis input PGA
local_P695_scaled_analysis_farfield_only,0.0878686,scaled analysis input PGA
local_P695_scaled_analysis_farfield_only,0.354945,scaled analysis input PGA
local_P695_scaled_analysis_farfield_only,0.39016,scaled analysis input PGA
local_P695_scaled_analysis_farfield_only,0.5456857500000001,scaled analysis input PGA
local_P695_scaled_analysis_farfield_only,0.15740700000000002,scaled analysis input PGA
local_P695_scaled_analysis_farfield_only,0.14574664999999998,scaled analysis input PGA
local_P695_scaled_analysis_farfield_only,0.64002375,scaled analysis input PGA
local_P695_scaled_analysis_farfield_only,0.10329140000000002,scaled analysis input PGA
local_P695_scaled_analysis_farfield_only,0.3217475,scaled analysis input PGA
local_P695_scaled_analysis_farfield_only,0.05147960000000001,scaled analysis input PGA
local_P695_scaled_analysis_farfield_only,0.092953,scaled analysis input PGA
local_P695_scaled_analysis_farfield_only,1.2336435,scaled analysis input PGA
local_P695_scaled_analysis_farfield_only,0.351119,scaled analysis input PGA
local_P695_scaled_analysis_farfield_only,0.07098900000000001,scaled analysis input PGA
local_P695_scaled_analysis_farfield_only,0.12351045,scaled analysis input PGA
local_P695_scaled_analysis_farfield_only,0.354945,scaled analysis input PGA
local_P695_scaled_analysis_farfield_only,0.1887125,scaled analysis input PGA
local_P695_scaled_analysis_farfield_only,0.053116,scaled analysis input PGA
local_P695_scaled_analysis_farfield_only,0.16870069999999998,scaled analysis input PGA
local_P695_scaled_analysis_farfield_only,0.2612685,scaled analysis input PGA
local_P695_scaled_analysis_farfield_only,0.33197499999999996,scaled analysis input PGA
local_P695_scaled_analysis_farfield_only,0.314333,scaled analysis input PGA
local_P695_scaled_analysis_farfield_only,0.199185,scaled analysis input PGA
local_P695_scaled_analysis_farfield_only,0.512019,scaled analysis input PGA
local_P695_scaled_analysis_farfield_only,0.1455162,scaled analysis input PGA
local_P695_scaled_analysis_farfield_only,0.1887125,scaled analysis input PGA
local_P695_scaled_analysis_farfield_only,0.28785014999999997,scaled analysis input PGA
local_P695_scaled_analysis_farfield_only,0.16602319999999998,scaled analysis input PGA
local_P695_scaled_analysis_farfield_only,0.07548500000000001,scaled analysis input PGA
local_P695_scaled_analysis_farfield_only,0.10510219999999999,scaled analysis input PGA
local_P695_scaled_analysis_farfield_only,0.8233905000000001,scaled analysis input PGA
local_P695_scaled_analysis_farfield_only,0.90947625,scaled analysis input PGA
local_P695_scaled_analysis_farfield_only,0.5456857500000001,scaled analysis input PGA
local_P695_scaled_analysis_farfield_only,0.4242375,scaled analysis input PGA
local_P695_scaled_analysis_farfield_only,0.1764435,scaled analysis input PGA
local_P695_scaled_analysis_farfield_only,0.1018676,scaled analysis input PGA
local_P695_scaled_analysis_farfield_only,0.7541235,scaled analysis input PGA
local_P695_scaled_analysis_farfield_only,0.2082095,scaled analysis input PGA
local_P695_scaled_analysis_farfield_only,0.18189525,scaled analysis input PGA
local_P695_scaled_analysis_farfield_only,0.05293305,scaled analysis input PGA
local_P695_scaled_analysis_farfield_only,0.223163,scaled analysis input PGA
local_P695_scaled_analysis_farfield_only,0.1286405,scaled analysis input PGA
local_P695_scaled_analysis_farfield_only,0.2078915,scaled analysis input PGA
local_P695_scaled_analysis_farfield_only,0.3637905,scaled analysis input PGA
local_P695_scaled_analysis_farfield_only,0.05269935,scaled analysis input PGA
local_P695_scaled_analysis_farfield_only,0.17920665,scaled analysis input PGA
local_P695_scaled_analysis_farfield_only,0.1774725,scaled analysis input PGA
local_P695_scaled_analysis_farfield_only,0.10913715,scaled analysis input PGA
local_P695_scaled_analysis_farfield_only,0.363978,scaled analysis input PGA
local_P695_scaled_analysis_farfield_only,0.14834119999999998,scaled analysis input PGA
local_P695_scaled_analysis_farfield_only,0.3637905,scaled analysis input PGA
local_P695_scaled_analysis_farfield_only,0.416419,scaled analysis input PGA
local_P695_scaled_analysis_farfield_only,0.0832536,scaled analysis input PGA
local_P695_scaled_analysis_farfield_only,0.0468192,scaled analysis input PGA
local_P695_scaled_analysis_farfield_only,0.443293,scaled analysis input PGA
local_P695_scaled_analysis_farfield_only,0.19212445,scaled analysis input PGA
local_P695_scaled_analysis_farfield_only,0.1469132,scaled analysis input PGA
local_P695_scaled_analysis_farfield_only,0.2459303,scaled analysis input PGA
local_P695_scaled_analysis_farfield_only,0.241001,scaled analysis input PGA
local_P695_scaled_analysis_farfield_only,0.2082095,scaled analysis input PGA
local_P695_scaled_analysis_farfield_only,0.496352,scaled analysis input PGA
local_P695_scaled_analysis_farfield_only,0.2513745,scaled analysis input PGA
local_P695_scaled_analysis_farfield_only,0.0765926,scaled analysis input PGA
local_P695_scaled_analysis_farfield_only,0.12296515,scaled analysis input PGA
local_P695_scaled_analysis_farfield_only,0.1801786,scaled analysis input PGA
local_P695_scaled_analysis_farfield_only,0.0909945,scaled analysis input PGA
local_P695_scaled_analysis_farfield_only,0.15515255,scaled analysis input PGA
local_P695_scaled_analysis_farfield_only,0.38851679999999994,scaled analysis input PGA
local_P695_scaled_analysis_farfield_only,0.07417059999999999,scaled analysis input PGA
local_P695_scaled_analysis_farfield_only,0.11786914999999999,scaled analysis input PGA
local_P695_scaled_analysis_farfield_only,0.2078915,scaled analysis input PGA
local_P695_scaled_analysis_farfield_only,0.178938,scaled analysis input PGA
local_P695_scaled_analysis_farfield_only,0.2459303,scaled analysis input PGA
local_P695_scaled_analysis_farfield_only,0.06236745,scaled analysis input PGA
local_P695_scaled_analysis_farfield_only,0.15377005,scaled analysis input PGA
local_P695_scaled_analysis_farfield_only,0.036720449999999995,scaled analysis input PGA
local_P695_scaled_analysis_farfield_only,0.19797749999999997,scaled analysis input PGA
local_P695_scaled_analysis_farfield_only,0.1702631,scaled analysis input PGA
local_P695_scaled_analysis_farfield_only,0.19212445,scaled analysis input PGA
local_P695_scaled_analysis_farfield_only,0.0734566,scaled analysis input PGA
local_P695_scaled_analysis_farfield_only,0.269794,scaled analysis input PGA
local_P695_scaled_analysis_farfield_only,0.38542,scaled analysis input PGA
local_P695_scaled_analysis_farfield_only,0.0734566,scaled analysis input PGA
local_P695_scaled_analysis_farfield_only,0.15515255,scaled analysis input PGA
local_P695_scaled_analysis_farfield_only,0.38542,scaled analysis input PGA
local_P695_scaled_analysis_farfield_only,0.1224015,scaled analysis input PGA
local_P695_scaled_analysis_farfield_only,0.377425,scaled analysis input PGA
local_P695_scaled_analysis_farfield_only,0.05266785,scaled analysis input PGA
local_P695_scaled_analysis_farfield_only,0.1683845,scaled analysis input PGA
local_P695_scaled_analysis_farfield_only,0.12423075,scaled analysis input PGA
local_P695_scaled_analysis_farfield_only,0.036720449999999995,scaled analysis input PGA
local_P695_scaled_analysis_farfield_only,0.514562,scaled analysis input PGA
local_P695_scaled_analysis_farfield_only,0.130655,scaled analysis input PGA
local_P695_scaled_analysis_farfield_only,0.1423056,scaled analysis input PGA
local_P695_scaled_analysis_farfield_only,0.37706175,scaled analysis input PGA
local_P695_scaled_analysis_farfield_only,0.7858324999999999,scaled analysis input PGA
local_P695_scaled_analysis_farfield_only,0.351329,scaled analysis input PGA
local_P695_scaled_analysis_farfield_only,0.514796,scaled analysis input PGA
local_P695_scaled_analysis_farfield_only,0.886586,scaled analysis input PGA
local_P695_scaled_analysis_farfield_only,0.2560095,scaled analysis input PGA
local_P695_scaled_analysis_farfield_only,0.351119,scaled analysis input PGA
local_P695_scaled_analysis_farfield_only,0.5269935,scaled analysis input PGA
local_P695_scaled_analysis_farfield_only,0.496352,scaled analysis input PGA
local_P695_scaled_analysis_farfield_only,0.715752,scaled analysis input PGA
local_P695_scaled_analysis_farfield_only,0.628666,scaled analysis input PGA
local_P695_scaled_analysis_farfield_only,0.3672045,scaled analysis input PGA
local_P695_scaled_analysis_farfield_only,0.357876,scaled analysis input PGA
local_P695_scaled_analysis_farfield_only,0.35663849999999997,scaled analysis input PGA
local_P695_scaled_analysis_farfield_only,0.1508247,scaled analysis input PGA
local_P695_scaled_analysis_farfield_only,0.28306875,scaled analysis input PGA
local_P695_scaled_analysis_farfield_only,0.2560095,scaled analysis input PGA
local_P695_scaled_analysis_farfield_only,0.26558,scaled analysis input PGA
local_P695_scaled_analysis_farfield_only,0.822429,scaled analysis input PGA
local_P695_scaled_analysis_farfield_only,0.363978,scaled analysis input PGA
local_P695_scaled_analysis_farfield_only,0.37706175,scaled analysis input PGA
local_P695_scaled_analysis_farfield_only,0.2513745,scaled analysis input PGA
local_P695_scaled_analysis_farfield_only,1.024038,scaled analysis input PGA
local_P695_scaled_analysis_farfield_only,0.254669,scaled analysis input PGA
local_P695_scaled_analysis_farfield_only,0.7070624999999999,scaled analysis input PGA
local_P695_scaled_analysis_farfield_only,0.0629628,scaled analysis input PGA
local_P695_scaled_analysis_farfield_only,0.363978,scaled analysis input PGA
local_P695_scaled_analysis_farfield_only,0.09429989999999999,scaled analysis input PGA
local_P695_scaled_analysis_farfield_only,1.18588,scaled analysis input PGA
local_P695_scaled_analysis_farfield_only,1.005498,scaled analysis input PGA
local_P695_scaled_analysis_farfield_only,0.78393,scaled analysis input PGA
local_P695_scaled_analysis_farfield_only,0.1053987,scaled analysis input PGA
local_P695_scaled_analysis_farfield_only,0.26620875,scaled analysis input PGA
local_P695_scaled_analysis_farfield_only,0.832838,scaled analysis input PGA
local_P695_scaled_analysis_farfield_only,0.56565,scaled analysis input PGA
local_P695_scaled_analysis_farfield_only,0.38401425,scaled analysis input PGA
local_P695_scaled_analysis_farfield_only,0.11562599999999999,scaled analysis input PGA
local_P695_scaled_analysis_farfield_only,0.41626799999999997,scaled analysis input PGA
local_P695_scaled_analysis_farfield_only,0.4112145,scaled analysis input PGA
local_P695_scaled_analysis_farfield_only,0.502749,scaled analysis input PGA
local_P695_scaled_analysis_farfield_only,1.2336435,scaled analysis input PGA
local_P695_scaled_analysis_farfield_only,0.5459670000000001,scaled analysis input PGA
local_P695_scaled_analysis_farfield_only,0.5661375,scaled analysis input PGA
local_P695_scaled_analysis_farfield_only,0.26558,scaled analysis input PGA
local_P695_scaled_analysis_farfield_only,0.10736280000000001,scaled analysis input PGA
local_P695_scaled_analysis_farfield_only,0.1053987,scaled analysis input PGA
local_P695_scaled_analysis_farfield_only,0.35663849999999997,scaled analysis input PGA
local_P695_scaled_analysis_farfield_only,0.282825,scaled analysis input PGA
local_P695_scaled_analysis_farfield_only,0.04497,scaled analysis input PGA
local_P695_scaled_analysis_farfield_only,0.158937,scaled analysis input PGA
local_P695_scaled_analysis_farfield_only,1.0913715000000002,scaled analysis input PGA
local_P695_scaled_analysis_farfield_only,0.31231425,scaled analysis input PGA
local_P695_scaled_analysis_farfield_only,0.105958,scaled analysis input PGA
local_P695_scaled_analysis_farfield_only,0.0870895,scaled analysis input PGA
local_P695_scaled_analysis_farfield_only,0.514796,scaled analysis input PGA
local_P695_scaled_analysis_farfield_only,0.17831924999999998,scaled analysis input PGA
local_P695_scaled_analysis_farfield_only,0.1446006,scaled analysis input PGA
local_P695_scaled_analysis_farfield_only,0.502749,scaled analysis input PGA
local_P695_scaled_analysis_farfield_only,1.2050049999999999,scaled analysis input PGA
local_P695_scaled_analysis_farfield_only,0.19271,scaled analysis input PGA
local_P695_scaled_analysis_farfield_only,0.416419,scaled analysis input PGA
local_P695_scaled_analysis_farfield_only,0.516457,scaled analysis input PGA
local_P695_scaled_analysis_farfield_only,0.386097,scaled analysis input PGA
local_P695_scaled_analysis_farfield_only,0.151528,scaled analysis input PGA
local_P695_scaled_analysis_farfield_only,0.909945,scaled analysis input PGA
local_P695_scaled_analysis_farfield_only,1.0394575000000001,scaled analysis input PGA
local_P695_scaled_analysis_farfield_only,0.6120075,scaled analysis input PGA
local_P695_scaled_analysis_farfield_only,0.9435625000000001,scaled analysis input PGA
local_P695_scaled_analysis_farfield_only,0.992704,scaled analysis input PGA
local_P695_scaled_analysis_farfield_only,0.8325359999999999,scaled analysis input PGA
local_P695_scaled_analysis_farfield_only,0.6590145,scaled analysis input PGA
local_P695_scaled_analysis_farfield_only,1.273345,scaled analysis input PGA
local_P695_scaled_analysis_farfield_only,0.26333925,scaled analysis input PGA
local_P695_scaled_analysis_farfield_only,0.496352,scaled analysis input PGA
local_P695_scaled_analysis_farfield_only,0.7445280000000001,scaled analysis input PGA
local_P695_scaled_analysis_farfield_only,0.516457,scaled analysis input PGA
local_P695_scaled_analysis_farfield_only,0.045458399999999996,scaled analysis input PGA
local_P695_scaled_analysis_farfield_only,0.7115279999999999,scaled analysis input PGA
local_P695_scaled_analysis_farfield_only,0.9174150000000001,scaled analysis input PGA
local_P695_scaled_analysis_farfield_only,1.2568725,scaled analysis input PGA
local_P695_scaled_analysis_farfield_only,0.27298350000000005,scaled analysis input PGA
local_P695_scaled_analysis_farfield_only,0.1053987,scaled analysis input PGA
local_P695_scaled_analysis_farfield_only,0.8873625,scaled analysis input PGA
local_P695_scaled_analysis_farfield_only,0.348358,scaled analysis input PGA
local_P695_scaled_analysis_farfield_only,0.3615015,scaled analysis input PGA
local_P695_scaled_analysis_farfield_only,0.38200349999999994,scaled analysis input PGA
local_P695_scaled_analysis_farfield_only,0.363978,scaled analysis input PGA
local_P695_scaled_analysis_farfield_only,1.18588,scaled analysis input PGA
local_P695_scaled_analysis_farfield_only,0.13389779999999998,scaled analysis input PGA
local_P695_scaled_analysis_farfield_only,0.391965,scaled analysis input PGA
local_P695_scaled_analysis_farfield_only,0.30753074999999996,scaled analysis input PGA
local_P695_scaled_analysis_farfield_only,1.644858,scaled analysis input PGA
local_P695_scaled_analysis_farfield_only,0.243233,scaled analysis input PGA
local_P695_scaled_analysis_farfield_only,0.243233,scaled analysis input PGA
local_P695_scaled_analysis_farfield_only,1.032914,scaled analysis input PGA
local_P695_scaled_analysis_farfield_only,0.536814,scaled analysis input PGA
local_P695_scaled_analysis_farfield_only,0.164127,scaled analysis input PGA
local_P695_scaled_analysis_farfield_only,0.7445280000000001,scaled analysis input PGA
local_P695_scaled_analysis_farfield_only,0.26333925,scaled analysis input PGA
local_P695_scaled_analysis_farfield_only,0.8233905000000001,scaled analysis input PGA
local_P695_scaled_analysis_farfield_only,0.26131,scaled analysis input PGA
local_P695_scaled_analysis_farfield_only,0.6246285,scaled analysis input PGA
local_P695_scaled_analysis_farfield_only,0.75073,scaled analysis input PGA
local_P695_scaled_analysis_farfield_only,0.244803,scaled analysis input PGA
local_P695_scaled_analysis_farfield_only,0.277512,scaled analysis input PGA
local_P695_scaled_analysis_farfield_only,0.410041,scaled analysis input PGA
local_P695_scaled_analysis_farfield_only,0.423832,scaled analysis input PGA
local_P695_scaled_analysis_farfield_only,0.0522537,scaled analysis input PGA
local_P695_scaled_analysis_farfield_only,0.4112145,scaled analysis input PGA
local_P695_scaled_analysis_farfield_only,0.3648495,scaled analysis input PGA
local_P695_scaled_analysis_farfield_only,0.2050205,scaled analysis input PGA
local_P695_scaled_analysis_farfield_only,0.38734275000000007,scaled analysis input PGA
local_P695_scaled_analysis_farfield_only,0.07495,scaled analysis input PGA
local_P695_scaled_analysis_farfield_only,0.5661375,scaled analysis input PGA
ESM_scaled_holdout_analysis,2.4271475672721863,scaled analysis input PGA
ESM_scaled_holdout_analysis,1.2489806413650513,scaled analysis input PGA
ESM_scaled_holdout_analysis,1.361138552427292,scaled analysis input PGA
ESM_scaled_holdout_analysis,1.7864243388175964,scaled analysis input PGA
ESM_scaled_holdout_analysis,0.2355581074953079,scaled analysis input PGA
ESM_scaled_holdout_analysis,0.3429824113845825,scaled analysis input PGA
ESM_scaled_holdout_analysis,0.3230226933956146,scaled analysis input PGA
ESM_scaled_holdout_analysis,0.3429824113845825,scaled analysis input PGA
ESM_scaled_holdout_analysis,0.6235203742980957,scaled analysis input PGA
ESM_scaled_holdout_analysis,0.6460453867912292,scaled analysis input PGA
ESM_scaled_holdout_analysis,1.931195378303528,scaled analysis input PGA
ESM_scaled_holdout_analysis,0.1878412663936615,scaled analysis input PGA
ESM_scaled_holdout_analysis,0.9262602925300598,scaled analysis input PGA
ESM_scaled_holdout_analysis,1.873470962047577,scaled analysis input PGA
ESM_scaled_holdout_analysis,0.6019338816404343,scaled analysis input PGA
ESM_scaled_holdout_analysis,2.4271475672721863,scaled analysis input PGA
ESM_scaled_holdout_analysis,1.4624474048614502,scaled analysis input PGA
ESM_scaled_holdout_analysis,0.4757938086986542,scaled analysis input PGA
ESM_scaled_holdout_analysis,2.1752790212631226,scaled analysis input PGA
ESM_scaled_holdout_analysis,0.9690810441970824,scaled analysis input PGA
ESM_scaled_holdout_analysis,1.7843933701515198,scaled analysis input PGA
ESM_scaled_holdout_analysis,0.1422049254179,scaled analysis input PGA
ESM_scaled_holdout_analysis,1.2873967587947843,scaled analysis input PGA
ESM_scaled_holdout_analysis,0.652110680937767,scaled analysis input PGA
ESM_scaled_holdout_analysis,2.4271475672721863,scaled analysis input PGA
ESM_scaled_holdout_analysis,0.0714531391859054,scaled analysis input PGA
ESM_scaled_holdout_analysis,2.177728056907654,scaled analysis input PGA
ESM_scaled_holdout_analysis,0.4827988445758819,scaled analysis input PGA
ESM_scaled_holdout_analysis,1.0968355536460876,scaled analysis input PGA
ESM_scaled_holdout_analysis,0.2143594175577163,scaled analysis input PGA
ESM_scaled_holdout_analysis,0.3816887438297272,scaled analysis input PGA
ESM_scaled_holdout_analysis,1.448396533727646,scaled analysis input PGA
ESM_scaled_holdout_analysis,0.3629546761512756,scaled analysis input PGA
ESM_scaled_holdout_analysis,1.6180983781814575,scaled analysis input PGA
ESM_scaled_holdout_analysis,2.722277104854584,scaled analysis input PGA
ESM_scaled_holdout_analysis,1.9031752347946167,scaled analysis input PGA
ESM_scaled_holdout_analysis,2.4271475672721863,scaled analysis input PGA
ESM_scaled_holdout_analysis,0.9437147378921508,scaled analysis input PGA
ESM_scaled_holdout_analysis,1.233171433210373,scaled analysis input PGA
ESM_scaled_holdout_analysis,2.828069508075714,scaled analysis input PGA
ESM_scaled_holdout_analysis,2.722277104854584,scaled analysis input PGA
ESM_scaled_holdout_analysis,0.7077860534191132,scaled analysis input PGA
ESM_scaled_holdout_analysis,1.6728709936141968,scaled analysis input PGA
ESM_scaled_holdout_analysis,1.7843933701515198,scaled analysis input PGA
ESM_scaled_holdout_analysis,0.9376637041568756,scaled analysis input PGA
ESM_scaled_holdout_analysis,0.7250930070877075,scaled analysis input PGA
ESM_scaled_holdout_analysis,0.2992251515388489,scaled analysis input PGA
ESM_scaled_holdout_analysis,1.873470962047577,scaled analysis input PGA
ESM_scaled_holdout_analysis,0.2006446272134781,scaled analysis input PGA
ESM_scaled_holdout_analysis,0.8221142888069153,scaled analysis input PGA
ESM_scaled_holdout_analysis,1.0810490548610687,scaled analysis input PGA
ESM_scaled_holdout_analysis,0.5123870372772217,scaled analysis input PGA
ESM_scaled_holdout_analysis,0.4045245945453644,scaled analysis input PGA
ESM_scaled_holdout_analysis,1.2470407485961914,scaled analysis input PGA
ESM_scaled_holdout_analysis,0.2771497964859009,scaled analysis input PGA
ESM_scaled_holdout_analysis,0.3656118512153625,scaled analysis input PGA
ESM_scaled_holdout_analysis,1.3382914066314695,scaled analysis input PGA
ESM_scaled_holdout_analysis,0.8090491890907288,scaled analysis input PGA
ESM_scaled_holdout_analysis,1.7165290117263794,scaled analysis input PGA
ESM_scaled_holdout_analysis,0.2143594175577163,scaled analysis input PGA
ESM_scaled_holdout_analysis,0.1071797087788581,scaled analysis input PGA
ESM_scaled_holdout_analysis,1.2920907735824585,scaled analysis input PGA
ESM_scaled_holdout_analysis,0.8042503595352173,scaled analysis input PGA
ESM_scaled_holdout_analysis,1.6085007190704346,scaled analysis input PGA
ESM_scaled_holdout_analysis,0.1422049254179,scaled analysis input PGA
ESM_scaled_holdout_analysis,0.8086495995521545,scaled analysis input PGA
ESM_scaled_holdout_analysis,1.7953509092330933,scaled analysis input PGA
ESM_scaled_holdout_analysis,1.7864243388175964,scaled analysis input PGA
ESM_scaled_holdout_analysis,0.8921966850757599,scaled analysis input PGA
ESM_scaled_holdout_analysis,0.9437147378921508,scaled analysis input PGA
ESM_scaled_holdout_analysis,0.2355581074953079,scaled analysis input PGA
ESM_scaled_holdout_analysis,3.07432222366333,scaled analysis input PGA
ESM_scaled_holdout_analysis,1.4155721068382263,scaled analysis input PGA
ESM_scaled_holdout_analysis,1.0037185549736023,scaled analysis input PGA
ESM_scaled_holdout_analysis,1.304221361875534,scaled analysis input PGA
ESM_scaled_holdout_analysis,1.4995265007019043,scaled analysis input PGA
ESM_scaled_holdout_analysis,0.7250930070877075,scaled analysis input PGA
ESM_scaled_holdout_analysis,0.2399697005748748,scaled analysis input PGA
ESM_scaled_holdout_analysis,1.0037185549736023,scaled analysis input PGA
ESM_scaled_holdout_analysis,0.1422049254179,scaled analysis input PGA
ESM_scaled_holdout_analysis,0.5325211882591248,scaled analysis input PGA
ESM_scaled_holdout_analysis,1.1473098993301392,scaled analysis input PGA
ESM_scaled_holdout_analysis,1.361138552427292,scaled analysis input PGA
ESM_scaled_holdout_analysis,0.4757938086986542,scaled analysis input PGA
ESM_scaled_holdout_analysis,0.3429824113845825,scaled analysis input PGA
ESM_scaled_holdout_analysis,2.896793067455292,scaled analysis input PGA
ESM_scaled_holdout_analysis,0.9690810441970824,scaled analysis input PGA
ESM_scaled_holdout_analysis,1.1473098993301392,scaled analysis input PGA
ESM_scaled_holdout_analysis,2.854762852191925,scaled analysis input PGA
ESM_scaled_holdout_analysis,2.90037202835083,scaled analysis input PGA
ESM_scaled_holdout_analysis,1.7165290117263794,scaled analysis input PGA
ESM_scaled_holdout_analysis,1.6728709936141968,scaled analysis input PGA
ESM_scaled_holdout_analysis,0.5984503030776978,scaled analysis input PGA
ESM_scaled_holdout_analysis,1.0289472341537476,scaled analysis input PGA
ESM_scaled_holdout_analysis,1.8753274083137512,scaled analysis input PGA
ESM_scaled_holdout_analysis,1.072333812713623,scaled analysis input PGA
ESM_scaled_holdout_analysis,0.4347404539585113,scaled analysis input PGA
ESM_scaled_holdout_analysis,0.685964822769165,scaled analysis input PGA
ESM_scaled_holdout_analysis,1.7165290117263794,scaled analysis input PGA
ESM_scaled_holdout_analysis,0.969068080186844,scaled analysis input PGA
ESM_raw_record_package,0.8090491890907288,raw record PGA
ESM_raw_record_package,0.8582645058631897,raw record PGA
ESM_raw_record_package,0.6244903206825256,raw record PGA
ESM_raw_record_package,0.965597689151764,raw record PGA
ESM_raw_record_package,1.0247740745544434,raw record PGA
ESM_raw_record_package,0.7633774876594543,raw record PGA
ESM_raw_record_package,1.0007054805755615,raw record PGA
ESM_raw_record_package,0.6242628693580627,raw record PGA
ESM_raw_record_package,0.6460453867912292,raw record PGA
ESM_raw_record_package,0.8086495995521545,raw record PGA
ESM_raw_record_package,0.7600213885307312,raw record PGA
ESM_raw_record_package,0.9074257016181946,raw record PGA
ESM_raw_record_package,0.7872035503387451,raw record PGA
ESM_raw_record_package,0.6215910911560059,raw record PGA
ESM_raw_record_package,0.942689836025238,raw record PGA
ESM_raw_record_package,0.6175068616867065,raw record PGA
ESM_raw_record_package,0.7206993699073792,raw record PGA
ESM_raw_record_package,0.685964822769165,raw record PGA
ESM_raw_record_package,0.8221142888069153,raw record PGA
ESM_raw_record_package,0.7506189346313477,raw record PGA
ESM_raw_record_package,0.8181665539741516,raw record PGA
ESM_raw_record_package,0.4549253582954407,raw record PGA
ESM_raw_record_package,0.7648732662200928,raw record PGA
ESM_raw_record_package,0.8364354968070984,raw record PGA
ESM_raw_record_package,0.7497632503509521,raw record PGA
ESM_raw_record_package,0.4012892544269562,raw record PGA
ESM_raw_record_package,0.5984503030776978,raw record PGA
ESM_raw_record_package,0.7312237024307251,raw record PGA
ESM_raw_record_package,0.7259093523025513,raw record PGA
ESM_raw_record_package,0.5947977900505066,raw record PGA
ESM_raw_record_package,0.4631341397762298,raw record PGA
ESM_raw_record_package,0.5361669063568115,raw record PGA
ESM_raw_record_package,0.4347404539585113,raw record PGA
ESM_raw_record_package,0.7022169828414917,raw record PGA
ESM_raw_record_package,0.5325211882591248,raw record PGA
ESM_raw_record_package,0.6460540294647217,raw record PGA
ESM_raw_record_package,0.6691457033157349,raw record PGA
ESM_raw_record_package,0.4718573689460754,raw record PGA
ESM_raw_record_package,0.6251091361045837,raw record PGA
ESM_raw_record_package,0.5542995929718018,raw record PGA
ESM_raw_record_package,0.6235203742980957,raw record PGA
ESM_raw_record_package,0.4799394011497497,raw record PGA
ESM_raw_record_package,0.5954747796058655,raw record PGA
ESM_raw_record_package,0.375682532787323,raw record PGA
ESM_raw_record_package,0.3551104366779327,raw record PGA
ESM_raw_record_package,0.5134223699569702,raw record PGA
ESM_raw_record_package,0.293127566576004,raw record PGA
ESM_raw_record_package,0.5205519199371338,raw record PGA
